{
  "summary": {
    "total_trades": 16862,
    "total_pnl_cents": 11021952.28,
    "expectancy_cents": 653.66,
    "fill_count": 8400,
    "fill_rate": 0.4982,
    "avg_estimated_reward_capture_usd": 8.6e-05,
    "avg_estimated_net_edge_usd": 8.6e-05
  },
  "by_market": {
    "0x182390641d3b1b47cc64274b9da290efd04221c586651ba190880713da6347d9": {
      "total_trades": 368,
      "total_pnl_cents": 496236.99,
      "expectancy_cents": 1348.47,
      "fill_count": 174,
      "fill_rate": 0.4728,
      "avg_estimated_reward_capture_usd": 0.000423,
      "avg_estimated_net_edge_usd": 0.000423
    },
    "0x48b0b0bca515f68fccf95af4793dbd0edbfec1f8ec6e8df2c0f69ba74f8c4722": {
      "total_trades": 3368,
      "total_pnl_cents": 2446184.97,
      "expectancy_cents": 726.3,
      "fill_count": 1683,
      "fill_rate": 0.4997,
      "avg_estimated_reward_capture_usd": 1e-05,
      "avg_estimated_net_edge_usd": 1e-05
    },
    "0x5db999fad322cea2914535aae5517060c3f80ad6d8c0231cde2124a434d16846": {
      "total_trades": 2868,
      "total_pnl_cents": 3073857.65,
      "expectancy_cents": 1071.78,
      "fill_count": 1426,
      "fill_rate": 0.4972,
      "avg_estimated_reward_capture_usd": 3.6e-05,
      "avg_estimated_net_edge_usd": 3.6e-05
    },
    "0x747dc809fb79e1b05be09c42d6179459a58de2ef3e40f02484a4e1260f741f75": {
      "total_trades": 3988,
      "total_pnl_cents": 1456575.0,
      "expectancy_cents": 365.24,
      "fill_count": 1993,
      "fill_rate": 0.4997,
      "avg_estimated_reward_capture_usd": 4.9e-05,
      "avg_estimated_net_edge_usd": 4.9e-05
    },
    "0xb4eafb92f9038d98b9d457cea6ba034a1d362d60e68766749accbc9bc8b73172": {
      "total_trades": 3128,
      "total_pnl_cents": 897981.53,
      "expectancy_cents": 287.08,
      "fill_count": 1561,
      "fill_rate": 0.499,
      "avg_estimated_reward_capture_usd": 1.4e-05,
      "avg_estimated_net_edge_usd": 1.4e-05
    },
    "0xfa0166f81f49ec29802bec6eabd71bd73aa24e65f0681b0071f5d1055ef44776": {
      "total_trades": 492,
      "total_pnl_cents": 184317.24,
      "expectancy_cents": 374.63,
      "fill_count": 246,
      "fill_rate": 0.5,
      "avg_estimated_reward_capture_usd": 2.6e-05,
      "avg_estimated_net_edge_usd": 2.6e-05
    },
    "0xfdc73f10edf0266756686f35b5712cffa828b0940fc015e0426c76c934c2105d": {
      "total_trades": 2650,
      "total_pnl_cents": 2466798.9,
      "expectancy_cents": 930.87,
      "fill_count": 1317,
      "fill_rate": 0.497,
      "avg_estimated_reward_capture_usd": 0.00034,
      "avg_estimated_net_edge_usd": 0.00034
    }
  },
  "by_signal_source": {
    "REWARD_FILLED": {
      "total_trades": 8400,
      "total_pnl_cents": 11021952.28,
      "expectancy_cents": 1312.14,
      "fill_count": 8400,
      "fill_rate": 1.0,
      "avg_estimated_reward_capture_usd": 5.3e-05,
      "avg_estimated_net_edge_usd": 5.3e-05
    },
    "REWARD_SHADOW": {
      "total_trades": 8462,
      "total_pnl_cents": 0.0,
      "expectancy_cents": 0.0,
      "fill_count": 0,
      "fill_rate": 0.0,
      "avg_estimated_reward_capture_usd": 0.000119,
      "avg_estimated_net_edge_usd": 0.000119
    }
  },
  "by_reward_to_competition_bucket": {
    "<0.25": {
      "total_trades": 16002,
      "total_pnl_cents": 10341398.05,
      "expectancy_cents": 646.26,
      "fill_count": 7980,
      "fill_rate": 0.4987,
      "avg_estimated_reward_capture_usd": 8e-05,
      "avg_estimated_net_edge_usd": 8e-05
    },
    ">=2.00": {
      "total_trades": 860,
      "total_pnl_cents": 680554.23,
      "expectancy_cents": 791.34,
      "fill_count": 420,
      "fill_rate": 0.4884,
      "avg_estimated_reward_capture_usd": 0.000196,
      "avg_estimated_net_edge_usd": 0.000196
    }
  },
  "by_fill_occurred": {
    "false": {
      "total_trades": 8462,
      "total_pnl_cents": 0.0,
      "expectancy_cents": 0.0,
      "fill_count": 0,
      "fill_rate": 0.0,
      "avg_estimated_reward_capture_usd": 0.000119,
      "avg_estimated_net_edge_usd": 0.000119
    },
    "true": {
      "total_trades": 8400,
      "total_pnl_cents": 11021952.28,
      "expectancy_cents": 1312.14,
      "fill_count": 8400,
      "fill_rate": 1.0,
      "avg_estimated_reward_capture_usd": 5.3e-05,
      "avg_estimated_net_edge_usd": 5.3e-05
    }
  },
  "by_emergency_flatten": {
    "false": {
      "total_trades": 16862,
      "total_pnl_cents": 11021952.28,
      "expectancy_cents": 653.66,
      "fill_count": 8400,
      "fill_rate": 0.4982,
      "avg_estimated_reward_capture_usd": 8.6e-05,
      "avg_estimated_net_edge_usd": 8.6e-05
    }
  }
}
